{
  "model": {
    "type": "minecraft:select",
    "property": "minecraft:custom_model_data",
    "cases": [
      {
        "when": "water_sword",
        "model": {
          "type": "minecraft:model",
          "model": "item_model_guide:item/water_sword"
        }
      },
      {
        "when": "electric_sword",
        "model": {
          "type": "minecraft:model",
          "model": "item_model_guide:item/electric_sword"
        }
      },
      {
        "when": "ice_sword",
        "model": {
          "type": "minecraft:model",
          "model": "item_model_guide:item/ice_sword"
        }
      },
      {
        "when": "fire_sword",
        "model": {
          "type": "minecraft:model",
          "model": "item_model_guide:item/fire_sword"
        }
      }
    ],
    "fallback": {
      "type": "minecraft:model",
      "model": "minecraft:item/diamond_sword"
    }
  }
}
